id,Strength
5407,82.02632875443335
5408,82.02657778066803
5409,81.97007642843002
5410,81.94087513968013
5411,82.05487118066308
5412,82.06242982062966
5413,82.06977889582787
5414,82.02527358994831
5415,81.95063768758571
5416,81.9629289862847
5417,82.11371459755605
5418,82.12365373663536
5419,81.86538108131904
5420,81.7640774825756
5421,82.08056935298265
5422,82.02622827220262
5423,81.99727995227619
5424,82.01169630794205
5425,82.10443518457896
5426,82.08622172748346
5427,82.00483600723109
5428,82.02773118832984
5429,82.10212389330074
5430,82.1320836171252
5431,81.9386629724672
5432,81.97635461013292
5433,82.0455414559879
5434,81.95618268262828
5435,81.86942039582951
5436,81.98028264494987
5437,82.05582317578974
5438,81.9964580471943
5439,81.97869386601138
5440,82.003966687783
5441,81.99007875386745
5442,82.12294990684435
5443,82.02490657845715
5444,82.09857357281288
5445,82.0190366567591
5446,81.89875162194792
5447,82.06826686430843
5448,82.03765216178591
5449,81.9808153800554
5450,81.79824037261187
5451,81.98188420140372
5452,82.03570288075919
5453,81.92016787225427
5454,81.96127406535223
5455,81.80831647961381
5456,82.00208539538241
5457,81.94693151889986
5458,82.08158493885271
5459,81.99069665382788
5460,82.09701659844085
5461,82.0561150824557
5462,82.00222286321815
5463,82.03666898492926
5464,81.9758113244734
5465,81.83313716141144
5466,82.07954094441675
5467,82.10757022324138
5468,81.97163054247827
5469,82.10540412931029
5470,81.91971790372334
5471,81.96560408662603
5472,82.13293761448459
5473,82.01330774671291
5474,82.16813968967406
5475,82.12786408225729
5476,81.93393799404019
5477,81.9813780517242
5478,82.06827152825326
5479,82.05013944798387
5480,81.95935507400664
5481,82.03045903847779
5482,81.9427789651393
5483,82.05494269757358
5484,81.88140597994173
5485,81.95068443358971
5486,81.92886339654677
5487,81.83545537811723
5488,81.86524672807903
5489,81.91019103386493
5490,81.94082012763847
5491,82.01567812996484
5492,81.94848754733835
5493,81.94440930268138
5494,81.90996584159475
5495,82.03815056188066
5496,81.96888143453428
5497,82.07585854184242
5498,82.06826686430843
5499,81.9001718422618
5500,82.02667824073355
5501,82.11370192820266
5502,82.00572566980068
5503,82.06782155972233
5504,81.85201848663108
5505,82.09668535186003
5506,81.88942775089262
5507,82.12320141749497
5508,82.0872320725033
5509,82.09385266625685
5510,82.0979719928939
5511,81.98022147987449
5512,81.94440930268138
5513,82.11971518591149
5514,82.02921853463026
5515,81.88874113912604
5516,81.9808153800554
5517,82.12595938885138
5518,82.10757022324138
5519,82.00528597576202
5520,81.97635461013292
5521,82.06104143879737
5522,82.12943479893532
5523,81.92251233305501
5524,82.02921853463026
5525,82.04417494955422
5526,82.0703726302634
5527,82.04903765433171
5528,82.00222286321815
5529,81.9263755399948
5530,81.83592796809769
5531,81.99460211018615
5532,82.19523394986527
5533,82.003966687783
5534,81.94739278702218
5535,82.0285363247289
5536,81.82302448330235
5537,82.10610211069763
5538,82.14096032844267
5539,81.96913815023845
5540,81.99920374320207
5541,81.88649042689946
5542,82.0678168957775
5543,81.71974055629302
5544,82.01717294877787
5545,82.23162810698443
5546,82.0155310022258
5547,82.06202555647891
5548,82.0455414559879
5549,82.04417494955422
5550,82.17252498149121
5551,81.92016787225427
5552,81.91971790372334
5553,82.02897721232908
5554,82.10421884545015
5555,81.904539967013
5556,81.9758113244734
5557,81.89875162194792
5558,82.11543817198972
5559,81.92114810263561
5560,82.00527570126975
5561,81.92016787225427
5562,81.91143586929648
5563,81.98028264494987
5564,81.92855893259001
5565,81.97954101277467
5566,82.01758346743607
5567,82.02170439801527
5568,81.92584519529201
5569,81.93716144297709
5570,82.22449388847365
5571,81.97983267641894
5572,82.01754545378046
5573,82.08158493885271
5574,81.91217758406846
5575,81.95935799538705
5576,82.09716372382344
5577,82.14564817089122
5578,82.0237808672148
5579,82.06826686430843
5580,82.07252727959522
5581,82.06826686430843
5582,82.03507673349945
5583,82.06826686430843
5584,81.98216119473213
5585,81.91143586929648
5586,82.07338086310651
5587,82.12068017295611
5588,82.0550225735934
5589,81.98028264494987
5590,82.01525310416548
5591,82.13293761448459
5592,81.83252115170595
5593,81.86758418314241
5594,82.06826686430843
5595,82.10266819893464
5596,81.70323915046615
5597,81.99069665382788
5598,81.9808153800554
5599,82.10791352456583
5600,82.01303504391774
5601,81.92855893259001
5602,81.90400059634172
5603,82.04223424372962
5604,82.14709239528936
5605,82.03393362424924
5606,82.09857357281288
5607,82.17176497096376
5608,81.96413349917037
5609,82.12298983353578
5610,82.08141841144622
5611,82.12541145926146
5612,81.90086952570812
5613,82.0247495215284
5614,81.98539300588624
5615,82.11711421392042
5616,81.97007642843002
5617,81.97670122621348
5618,82.03438359278017
5619,81.92016787225427
5620,82.1823839966723
5621,82.10257386183167
5622,82.02667824073355
5623,82.06568533408225
5624,82.02993295627063
5625,81.94440930268138
5626,82.02667824073355
5627,82.13293761448459
5628,82.06826686430843
5629,82.12820610293365
5630,81.83255791004092
5631,82.11617892979245
5632,82.05547254212433
5633,82.01754545378046
5634,82.16300503420143
5635,82.03677263127413
5636,82.01754545378046
5637,82.07973814011257
5638,82.02667824073355
5639,82.02909150744333
5640,81.9386629724672
5641,81.98028264494987
5642,81.86914478489327
5643,82.06032145849382
5644,81.89833753109359
5645,81.97635461013292
5646,81.98295818872371
5647,81.88874113912604
5648,82.10257386183167
5649,82.09615974295698
5650,81.97865007976685
5651,81.99175359217371
5652,81.90616928427929
5653,82.01754545378046
5654,81.85154576466145
5655,81.98181056106672
5656,82.0678168957775
5657,82.12320141749497
5658,81.93511173492008
5659,82.07052018133182
5660,82.05582317578974
5661,82.17635582672709
5662,81.999653711733
5663,82.12962516656141
5664,81.94087513968013
5665,81.97635461013292
5666,82.04561659463151
5667,82.0998984724891
5668,82.18804844961338
5669,82.0934870723207
5670,82.00435056492537
5671,82.00200498044717
5672,81.92584519529201
5673,81.91971790372334
5674,82.04968947945294
5675,81.92016787225427
5676,81.86538108131904
5677,81.88140597994173
5678,81.94848754733835
5679,82.04610703246351
5680,82.05582317578974
5681,81.85035366177418
5682,81.92222703664322
5683,82.02789974837432
5684,81.76154708385573
5685,82.03438359278017
5686,82.003966687783
5687,81.88369220688743
5688,81.842635635194
5689,82.03768548389814
5690,82.01834503096727
5691,81.92584519529201
5692,81.99460211018615
5693,81.86538108131904
5694,82.00572566980068
5695,81.98774659148883
5696,81.89151523799084
5697,82.00528597576202
5698,82.03407043560391
5699,81.95075216453417
5700,82.1442583054961
5701,81.98900200563601
5702,82.05013944798387
5703,82.03393362424924
5704,82.04319326791345
5705,81.94678383404153
5706,81.89863137358584
5707,82.13293761448459
5708,81.85286081476725
5709,82.17574104890879
5710,82.19479261504098
5711,81.99822739147585
5712,82.003966687783
5713,81.97635461013292
5714,82.03680247658085
5715,81.94182218404661
5716,82.07822556134073
5717,82.13243685126007
5718,82.01035394181507
5719,81.98028264494987
5720,82.02667824073355
5721,82.23162810698443
5722,82.10371206964258
5723,81.84750368136618
5724,82.09582303220962
5725,82.05242449594732
5726,82.04968947945294
5727,81.90616928427929
5728,82.02170439801527
5729,82.06826686430843
5730,81.80831647961381
5731,82.01765996159982
5732,82.09475671992719
5733,82.02483178294305
5734,82.06696144700047
5735,82.09346303433585
5736,81.88369220688743
5737,82.08056935298265
5738,81.96228630017833
5739,82.01992990638185
5740,82.02388669207102
5741,82.10257386183167
5742,82.11591460085363
5743,82.03666898492926
5744,81.98312984904574
5745,81.86538108131904
5746,81.98028264494987
5747,81.8660816723494
5748,82.02277259975268
5749,82.10164815374306
5750,82.06264839451333
5751,82.05582317578974
5752,82.14113411621241
5753,81.99822739147585
5754,81.95861207470558
5755,82.10178448121725
5756,81.95935507400664
5757,81.80831647961381
5758,82.04417494955422
5759,82.12098145282349
5760,82.0550225735934
5761,81.97635953156107
5762,81.95935507400664
5763,81.95317950974389
5764,82.19500335783889
5765,81.91971790372334
5766,81.96954261178489
5767,81.9297863044694
5768,81.9758113244734
5769,81.84566937019797
5770,81.88874113912604
5771,82.05227656378966
5772,82.10757022324138
5773,82.12637497216643
5774,82.03438359278017
5775,82.05547254212433
5776,82.18471554248553
5777,81.99155817616943
5778,82.01035394181507
5779,82.09029771244232
5780,81.85455546295913
5781,82.1149882034588
5782,81.95068443358971
5783,82.05940014829918
5784,81.98028264494987
5785,82.03768548389814
5786,81.94693151889986
5787,81.83592796809769
5788,81.98312984904574
5789,81.99288733708894
5790,82.01905057860368
5791,81.91009176525233
5792,81.92016787225427
5793,81.91971790372334
5794,81.99433027481973
5795,81.86538108131904
5796,81.95068443358971
5797,81.9057885073409
5798,81.97869386601138
5799,82.03738474299222
5800,82.05582317578974
5801,82.04856201210787
5802,82.01629794502597
5803,81.83739406953194
5804,82.06826686430843
5805,82.09457506446259
5806,82.01754545378046
5807,82.17322475609349
5808,82.0311472831649
5809,82.18471554248553
5810,81.98900200563601
5811,82.07925006500363
5812,81.90616928427929
5813,81.91143586929648
5814,82.10662106607765
5815,82.00528597576202
5816,81.88140597994173
5817,81.93789011140562
5818,81.91009176525233
5819,82.03880137289563
5820,81.86914478489327
5821,82.02263161776821
5822,81.91009176525233
5823,82.11831369233117
5824,82.11087616324549
5825,81.95263193791982
5826,82.18885419607645
5827,82.05939170690856
5828,82.02667824073355
5829,82.05334510737356
5830,81.94440930268138
5831,81.89173940129325
5832,81.92016787225427
5833,82.04910125103089
5834,81.9592854824034
5835,82.06826686430843
5836,81.98295200270462
5837,82.10342100859496
5838,81.86524672807903
5839,81.95317950974389
5840,81.92488309794996
5841,82.00556260164082
5842,81.99155817616943
5843,81.9758113244734
5844,82.03103869202731
5845,81.99069665382788
5846,81.98028264494987
5847,82.09301033722932
5848,82.01832089869615
5849,81.81852526924912
5850,81.94440930268138
5851,82.03496345810022
5852,82.06198638616077
5853,81.91680116206146
5854,82.00208539538241
5855,82.01035394181507
5856,81.97976737615807
5857,82.02667824073355
5858,82.08158493885271
5859,82.02598934801127
5860,82.02667824073355
5861,81.99155817616943
5862,81.93387534705039
5863,82.00528597576202
5864,81.86538108131904
5865,82.05272653232059
5866,82.10238638533946
5867,81.87939777878101
5868,81.97684170793966
5869,81.96868818170752
5870,82.02263161776821
5871,82.10086093144821
5872,82.08392168159351
5873,82.09054089992996
5874,81.83986004509454
5875,82.01508103369487
5876,82.02551125745548
5877,81.97772856320846
5878,81.9559838740984
5879,81.97799038563151
5880,82.23162810698443
5881,82.07698831381812
5882,81.98028264494987
5883,81.9776843094218
5884,81.91909596600962
5885,82.04182914059464
5886,82.18471554248553
5887,81.92016787225427
5888,81.92251233305501
5889,82.01035394181507
5890,82.00789411721985
5891,81.93824074507103
5892,82.09181823434204
5893,81.9161181012453
5894,81.99460211018615
5895,81.92208095487743
5896,81.99007875386745
5897,81.8226309138855
5898,82.00222286321815
5899,81.93789011140562
5900,82.0777116932972
5901,82.03975935311726
5902,81.92134383993846
5903,82.03666898492926
5904,81.93716144297709
5905,82.06826686430843
5906,82.02667824073355
5907,82.19392109768005
5908,82.00528597576202
5909,81.80831647961381
5910,81.904539967013
5911,81.92134383993846
5912,81.80831647961381
5913,81.82677561272253
5914,81.80831647961381
5915,81.94831031269109
5916,82.0891871834373
5917,82.05272653232059
5918,82.00398544052783
5919,81.94440930268138
5920,81.90944516939692
5921,81.99727995227619
5922,81.94628166017071
5923,81.95933537393752
5924,81.90996584159475
5925,81.98028264494987
5926,82.05013944798387
5927,82.09011026905678
5928,82.02667824073355
5929,82.01725412039212
5930,82.0012078207538
5931,81.95980796391798
5932,82.09393704085163
5933,82.07190316537702
5934,82.01701505578934
5935,82.09660804843472
5936,81.89224810267548
5937,82.01508103369487
5938,82.18005868073037
5939,82.0412167456448
5940,82.10757022324138
5941,82.01571050026038
5942,81.85750038993086
5943,81.87434739565556
5944,81.84750368136618
5945,82.10979759401897
5946,81.94693151889986
5947,82.04229277950202
5948,81.82302448330235
5949,82.01508103369487
5950,81.9745474952268
5951,81.94693151889986
5952,82.01962811640243
5953,82.08918521740776
5954,81.94848754733835
5955,82.13288413451404
5956,82.06028682173226
5957,82.09665694801588
5958,82.12289049867026
5959,81.99822739147585
5960,81.80831647961381
5961,81.9808153800554
5962,81.98028264494987
5963,82.08056935298265
5964,82.03596660747483
5965,81.98028264494987
5966,82.04177831978251
5967,82.01122864915767
5968,82.05407786885144
5969,82.09393704085163
5970,82.02615304886513
5971,81.94678383404153
5972,82.01962811640243
5973,82.0422116546489
5974,81.92738451833577
5975,82.01539523381113
5976,82.0273113009766
5977,81.80831647961381
5978,82.03960351319107
5979,82.03393362424924
5980,82.04786015409027
5981,82.02622827220262
5982,82.09716372382344
5983,82.03496345810022
5984,81.79542338342438
5985,81.86914478489327
5986,81.96127406535223
5987,81.88369220688743
5988,81.90616928427929
5989,81.99156597327597
5990,81.89299256980293
5991,81.91020411909166
5992,81.86942039582951
5993,82.07846175253222
5994,82.13288413451404
5995,82.01824693715271
5996,81.96339593743228
5997,81.99069665382788
5998,81.94440930268138
5999,82.0550225735934
6000,81.88718383175159
6001,82.01962811640243
6002,81.842635635194
6003,82.05990772561395
6004,81.92016787225427
6005,82.04857699779087
6006,81.904539967013
6007,81.99382772446148
6008,81.80354782921034
6009,82.07708606851335
6010,81.96127406535223
6011,82.12741411372636
6012,81.93920574423595
6013,82.04903765433171
6014,81.968329316401
6015,81.96913815023845
6016,82.0678168957775
6017,81.95668935716236
6018,82.04635300186581
6019,82.05237338270153
6020,82.07829834405746
6021,81.99007875386745
6022,82.19392109768005
6023,82.06826686430843
6024,82.23162810698443
6025,81.98395550039088
6026,81.86538108131904
6027,82.03438359278017
6028,82.04231047514804
6029,81.98437287313804
6030,82.10212389330074
6031,81.85640264912958
6032,82.02170439801527
6033,81.91091849228285
6034,82.01797339067659
6035,81.98566452361192
6036,82.06826686430843
6037,82.0361555609875
6038,81.88874113912604
6039,81.92698817252754
6040,82.03880137289563
6041,81.96620919138722
6042,81.88276378062515
6043,82.2792054899812
6044,82.01754545378046
6045,82.0674218961448
6046,82.09373559404418
6047,81.91278949764586
6048,81.83827731514624
6049,81.98900200563601
6050,81.93600540215587
6051,82.06497654153132
6052,81.79824037261187
6053,82.01744738647479
6054,82.09393704085163
6055,82.00053271073914
6056,81.94678383404153
6057,82.1037888252394
6058,82.04814257764446
6059,82.00222286321815
6060,82.0316594092289
6061,82.01754545378046
6062,81.99771620669642
6063,82.01905057860368
6064,81.96243238194413
6065,82.12365373663536
6066,82.04757706016524
6067,82.23162810698443
6068,81.96127406535223
6069,82.06104143879737
6070,82.0407589159465
6071,82.1270299093643
6072,82.03736072727291
6073,82.04645567971376
6074,82.01423495046511
6075,82.08011938445172
6076,82.00412275416436
6077,82.05564750314184
6078,82.00528597576202
6079,82.00572566980068
6080,81.85455546295913
6081,82.05242449594732
6082,82.00208539538241
6083,82.11591460085363
6084,82.04231047514804
6085,81.84516400429544
6086,81.98799126676923
6087,81.98028264494987
6088,82.08824150122304
6089,82.08296908084165
6090,82.26875750048893
6091,81.9808153800554
6092,81.97828124310087
6093,82.00173931153776
6094,82.23162810698443
6095,82.12786408225729
6096,81.87834286739786
6097,81.92439013360968
6098,82.00572566980068
6099,81.98437287313804
6100,81.96645196788197
6101,81.81973489131948
6102,81.9001718422618
6103,81.98028264494987
6104,81.79824037261187
6105,82.04490939041611
6106,82.05939170690856
6107,82.03768548389814
6108,82.1562736218213
6109,82.05237338270153
6110,82.07354865007196
6111,81.989162899071
6112,82.05848313318751
6113,81.91971790372334
6114,81.78513334207567
6115,81.94693151889986
6116,82.15895271246903
6117,82.18965379163798
6118,82.0008530158034
6119,82.01951946722154
6120,82.09475671992719
6121,81.78758025343899
6122,82.05547254212433
6123,82.03393362424924
6124,82.05866059801541
6125,82.03882784479937
6126,81.97007642843002
6127,81.89875162194792
6128,81.86512200981572
6129,81.82183238041507
6130,81.96913815023845
6131,81.80831647961381
6132,81.9552146360649
6133,82.02170439801527
6134,81.9626738404713
6135,81.96025676377772
6136,81.98028264494987
6137,81.95933537393752
6138,82.05730537433975
6139,81.86524672807903
6140,81.94678383404153
6141,81.9386629724672
6142,82.03882784479937
6143,82.00351671925208
6144,82.04728843305443
6145,81.95248585615403
6146,82.11189338938784
6147,82.09716372382344
6148,81.98312984904574
6149,81.9758113244734
6150,81.95935507400664
6151,82.09894858054197
6152,81.91971790372334
6153,81.91243015826473
6154,81.92227940795924
6155,81.88530712404392
6156,82.03222257807693
6157,82.04308799332206
6158,81.98087127591664
6159,82.05939170690856
6160,82.01600283511273
6161,82.04651416669417
6162,81.98295818872371
6163,82.01883810938293
6164,81.91680116206146
6165,82.03438359278017
6166,81.85455546295913
6167,82.06826686430843
6168,82.05272653232059
6169,81.95933537393752
6170,81.9386629724672
6171,81.9552146360649
6172,82.06922086480746
6173,81.96913815023845
6174,82.00222286321815
6175,82.09716372382344
6176,82.05349894361228
6177,81.94364149460851
6178,82.11700828373364
6179,81.96913815023845
6180,82.08158493885271
6181,82.2041740348036
6182,82.09393704085163
6183,82.10031898304389
6184,82.09716372382344
6185,81.95935507400664
6186,82.0561150824557
6187,81.86914478489327
6188,82.16752910966532
6189,82.06624116077994
6190,82.0774252671729
6191,82.02622827220262
6192,81.91009176525233
6193,81.94131417083949
6194,82.06826686430843
6195,81.79824037261187
6196,81.89562055131432
6197,82.02598934801127
6198,82.18005868073037
6199,82.13288413451404
6200,82.14242059567523
6201,82.11436922113305
6202,81.98028264494987
6203,81.94440930268138
6204,81.99308291520578
6205,81.73630673199601
6206,81.77688974648558
6207,82.14113411621241
6208,81.99069665382788
6209,81.99069665382788
6210,81.95942590828403
6211,81.94573049521424
6212,81.95330863698831
6213,81.99024668529695
6214,82.02667824073355
6215,82.03391691262493
6216,81.88276378062515
6217,82.12098145282349
6218,81.9924209333103
6219,81.9161181012453
6220,82.00001806139818
6221,82.0604286790514
6222,82.19960128476876
6223,81.999653711733
6224,81.94308145118018
6225,81.95536221083987
6226,82.01992990638185
6227,82.03469929586149
6228,81.91009176525233
6229,82.01285777818198
6230,81.89875162194792
6231,81.96954261178489
6232,82.00429708495483
6233,82.01539523381113
6234,82.09615974295698
6235,81.83862712436546
6236,82.05940014829918
6237,81.94087513968013
6238,82.02263161776821
6239,81.98743712386603
6240,82.1925616660534
6241,82.04017916811502
6242,82.04757706016524
6243,81.92016787225427
6244,81.89144159341146
6245,81.84030983747954
6246,81.9386629724672
6247,82.04177831978251
6248,82.10487378264801
6249,82.1320836171252
6250,82.0584873478628
6251,81.92134383993846
6252,82.05848313318751
6253,82.09872510096628
6254,82.00455579080466
6255,82.18804844961338
6256,82.06905960547903
6257,82.19136956316612
6258,82.03075152481533
6259,81.99007875386745
6260,81.94693151889986
6261,82.13914388154907
6262,82.00222286321815
6263,82.06216265443676
6264,82.09375847413735
6265,81.88056113625383
6266,81.70323915046615
6267,82.05547254212433
6268,82.04062913664595
6269,82.07051081023913
6270,82.06826686430843
6271,82.0086897865558
6272,81.96228630017833
6273,82.15253482744194
6274,81.98855203710508
6275,82.0881812365413
6276,82.03738474299222
6277,82.09343579014859
6278,82.06827152825326
6279,82.09008497598285
6280,81.95935507400664
6281,82.09373559404418
6282,81.98074759184834
6283,82.05083420095
6284,81.98028264494987
6285,81.84030983747954
6286,82.05953101868599
6287,81.86176291860605
6288,81.98900200563601
6289,82.05413006158098
6290,81.96243238194413
6291,81.91143586929648
6292,81.91009176525233
6293,81.79824037261187
6294,81.9808153800554
6295,81.8346097579975
6296,82.13447988389136
6297,82.04523298398193
6298,82.11382707092628
6299,81.85640264912958
6300,82.00435056492537
6301,81.97536135594247
6302,81.96582336016873
6303,81.92016787225427
6304,81.9808153800554
6305,81.92855893259001
6306,82.2311781384535
6307,81.98028264494987
6308,81.96228630017833
6309,81.9808153800554
6310,81.77688974648558
6311,81.88276378062515
6312,82.06826686430843
6313,82.05051077262794
6314,81.93789011140562
6315,82.16065539391448
6316,81.95715337854116
6317,81.86538108131904
6318,82.06609603797263
6319,81.89071074080738
6320,82.05766892623751
6321,81.9386629724672
6322,81.96243238194413
6323,82.06826686430843
6324,81.89875162194792
6325,82.05325445834941
6326,82.05272653232059
6327,81.98296374705254
6328,81.91680116206146
6329,82.026076462604
6330,81.9592854824034
6331,81.9866012156807
6332,82.15031729860638
6333,82.12334046720119
6334,81.99702626454831
6335,82.03438359278017
6336,81.9758113244734
6337,81.92016787225427
6338,82.06826686430843
6339,82.10212389330074
6340,81.83442195575212
6341,81.83592796809769
6342,81.98001976572851
6343,81.92369706434495
6344,81.94864647364992
6345,81.95068443358971
6346,82.08096787669567
6347,82.10757022324138
6348,82.0086897865558
6349,81.99007875386745
6350,82.07335241767898
6351,82.09346303433585
6352,82.09669778813345
6353,82.0455414559879
6354,82.00572566980068
6355,81.98028264494987
6356,82.04226942739771
6357,82.05547254212433
6358,81.94082012763847
6359,82.10257386183167
6360,82.09393704085163
6361,81.96913815023845
6362,82.10757022324138
6363,82.06886345972426
6364,81.85493485712524
6365,82.09373559404418
6366,81.86914478489327
6367,82.06826686430843
6368,81.86524672807903
6369,82.00572566980068
6370,81.89366545796017
6371,82.03438359278017
6372,81.85455546295913
6373,82.05227656378966
6374,82.12133987873358
6375,82.03692469332358
6376,81.97948568076652
6377,81.91009176525233
6378,82.12481056529855
6379,82.13916505240535
6380,82.13293761448459
6381,81.9813780517242
6382,82.04851407474132
6383,82.18738782629741
6384,81.95668935716236
6385,82.11949555686463
6386,82.01270930005215
6387,81.85455546295913
6388,81.99069665382788
6389,82.04297596182991
6390,81.94869995362046
6391,81.81995863007363
6392,81.93478060219512
6393,82.17635582672709
6394,82.04903765433171
6395,82.02128524288952
6396,82.00057389039453
6397,81.80831647961381
6398,82.15781010541556
6399,82.17273054543739
6400,81.9813780517242
6401,82.0854140965251
6402,81.90102658263686
6403,81.84750368136618
6404,82.003966687783
6405,81.95935507400664
6406,81.96913815023845
6407,82.15588842327656
6408,82.06606997805706
6409,81.91009176525233
6410,82.12053148429256
6411,82.0532875994326
6412,82.0261278121371
6413,82.1051187022726
6414,82.09695262469229
6415,81.87445224149174
6416,81.83255791004092
6417,82.05582317578974
6418,81.91971790372334
6419,81.95980796391798
6420,82.01876507506917
6421,81.99069665382788
6422,82.01068754921394
6423,81.99007875386745
6424,82.00572566980068
6425,81.86656601605804
6426,81.83545537811723
6427,81.89564638471803
6428,81.90397635928807
6429,81.83545537811723
6430,82.10118971984274
6431,82.14564817089122
6432,81.93810639034048
6433,81.83255791004092
6434,82.09393704085163
6435,81.95668935716236
6436,82.06827152825326
6437,82.02667824073355
6438,82.05969718992112
6439,82.09396095222338
6440,81.97464148059544
6441,82.15327481775272
6442,82.05939170690856
6443,81.93672428105249
6444,81.98832405871062
6445,82.0190366567591
6446,82.08056935298265
6447,82.06198638616077
6448,82.08158493885271
6449,82.0571101055844
6450,82.0751123786145
6451,81.94678383404153
6452,81.95070062684331
6453,82.18352343959826
6454,82.03628898343041
6455,82.0934870723207
6456,81.9057885073409
6457,82.00431732144841
6458,82.00572566980068
6459,82.04177831978251
6460,82.09301033722932
6461,81.86538108131904
6462,82.01035394181507
6463,82.04898417436117
6464,81.96913815023845
6465,82.04342434055471
6466,81.99672662101115
6467,81.92016787225427
6468,82.09831167374172
6469,81.88803142851786
6470,81.89740524706923
6471,81.9291060033925
6472,82.04645567971376
6473,81.80880751483187
6474,82.02263161776821
6475,81.83862712436546
6476,81.94678383404153
6477,82.04851407474132
6478,82.09716372382344
6479,82.05547254212433
6480,81.94082012763847
6481,82.16752910966532
6482,82.09011026905678
6483,82.03864593703098
6484,81.86942039582951
6485,82.09393704085163
6486,82.10523975220084
6487,82.01837025608621
6488,82.2343003907963
6489,81.80831647961381
6490,81.93094606817671
6491,82.11971518591149
6492,82.0844125964247
6493,82.11543817198972
6494,81.91009176525233
6495,81.84750368136618
6496,81.95935507400664
6497,82.01881736905287
6498,81.94082012763847
6499,82.00572566980068
6500,81.99069665382788
6501,81.98437287313804
6502,82.11891572982077
6503,81.96511997135654
6504,82.07954094441675
6505,81.89875162194792
6506,81.96780672288601
6507,82.12365373663536
6508,82.01824693715271
6509,82.17257675576822
6510,82.01962811640243
6511,81.9808153800554
6512,81.80831647961381
6513,82.06557312435521
6514,82.14113411621241
6515,81.99771620669642
6516,81.999653711733
6517,82.01539523381113
6518,81.98466985960751
6519,82.2311781384535
6520,82.0716944467997
6521,82.07252028478752
6522,82.05272653232059
6523,81.95935507400664
6524,82.08158493885271
6525,81.94395933415045
6526,81.99970512044764
6527,82.18582126230945
6528,81.95068443358971
6529,81.95526811603544
6530,81.97873666871055
6531,82.05990772561395
6532,82.02263161776821
6533,81.96503540551758
6534,82.0854140965251
6535,81.93716144297709
6536,82.12345222227397
6537,81.98028264494987
6538,82.00528597576202
6539,82.09812360428195
6540,81.98175004611879
6541,81.97983267641894
6542,81.95935507400664
6543,82.02136185214617
6544,82.05547254212433
6545,82.03815056188066
6546,82.02966850316119
6547,82.04903765433171
6548,81.8346097579975
6549,82.1556444617403
6550,82.07112207785254
6551,82.1123161568854
6552,82.01858668822817
6553,81.91971790372334
6554,81.98437287313804
6555,82.08719846495161
6556,81.96228630017833
6557,81.88874113912604
6558,82.07268081111845
6559,82.09120322866274
6560,82.1135273772233
6561,82.05990772561395
6562,82.06827152825326
6563,81.91971790372334
6564,81.61202890351557
6565,82.20803312903527
6566,81.98028264494987
6567,81.94440930268138
6568,82.00348921912936
6569,81.9386629724672
6570,81.84750368136618
6571,82.04275866816968
6572,82.03438359278017
6573,81.85154576466145
6574,81.81995863007363
6575,82.0437774816543
6576,82.11860589747724
6577,82.00208539538241
6578,82.06826686430843
6579,81.88874113912604
6580,82.19471337246236
6581,81.98328690597448
6582,81.86524672807903
6583,82.0190366567591
6584,82.1322482158175
6585,81.88060294268641
6586,82.06725607051582
6587,82.04610703246351
6588,82.16813968967406
6589,81.92488309794996
6590,81.91680116206146
6591,81.88369220688743
6592,81.89151523799084
6593,81.95216123012
6594,81.95907527461863
6595,81.85455546295913
6596,82.04561659463151
6597,81.91262190290149
6598,81.90104603997733
6599,82.05939170690856
6600,81.98028264494987
6601,81.98312984904574
6602,81.98854535646355
6603,82.01754545378046
6604,81.96605671449785
6605,81.9586253060877
6606,81.93393799404019
6607,81.9258686502831
6608,82.1320836171252
6609,82.02897721232908
6610,82.04125688465966
6611,82.0584873478628
6612,81.98312984904574
6613,81.94678383404153
6614,82.04360749944661
6615,81.90104603997733
6616,81.9808153800554
6617,82.07604782920133
6618,81.92016787225427
6619,81.8456626159646
6620,81.98181056106672
6621,81.80831647961381
6622,82.01725412039212
6623,82.02419296729222
6624,81.95312602977334
6625,81.93622635228988
6626,82.10257386183167
6627,82.05547254212433
6628,81.904539967013
6629,81.70244353613926
6630,81.96127406535223
6631,82.10257386183167
6632,81.80831647961381
6633,82.03038292480156
6634,82.04490939041611
6635,81.97635461013292
6636,81.97465811724723
6637,81.99777742294492
6638,82.05334510737356
6639,82.05939170690856
6640,82.06689552301876
6641,82.1320836171252
6642,82.00222286321815
6643,82.09961162825502
6644,81.9808153800554
6645,81.94087513968013
6646,82.06562000952613
6647,82.04647483592608
6648,82.23452192477062
6649,82.003984086437
6650,81.85924985322545
6651,82.02263161776821
6652,81.80831647961381
6653,82.06072392861395
6654,82.03677263127413
6655,82.06874226186893
6656,82.05990772561395
6657,81.80831647961381
6658,81.96929704405791
6659,81.98028264494987
6660,82.06826686430843
6661,81.9808153800554
6662,82.0669537618574
6663,81.84823168226929
6664,81.9812490563289
6665,82.05490918407526
6666,81.9900252738969
6667,81.74847029094788
6668,81.97635461013292
6669,81.95935507400664
6670,81.95923200243286
6671,81.93393799404019
6672,82.04372498102329
6673,81.79251088997415
6674,82.03768548389814
6675,82.11073758400929
6676,81.9808153800554
6677,82.19392109768005
6678,81.99733161430957
6679,82.0739795659953
6680,82.01035394181507
6681,81.96913815023845
6682,81.92016787225427
6683,82.05055846335149
6684,81.94739278702218
6685,81.96114027132592
6686,81.80831647961381
6687,81.85640264912958
6688,81.80747751562512
6689,81.95980796391798
6690,81.9096417967214
6691,82.03840527209724
6692,82.12098145282349
6693,81.98910290298812
6694,82.12616518860293
6695,82.01725412039212
6696,82.05372015972125
6697,81.98566452361192
6698,81.86942039582951
6699,81.999653711733
6700,82.00354215119717
6701,81.99024668529695
6702,81.96780672288601
6703,82.01348501244867
6704,81.92369706434495
6705,82.01725412039212
6706,82.13163364859427
6707,82.00990397328414
6708,82.06202555647891
6709,81.85924985322545
6710,82.04968947945294
6711,82.05866059801541
6712,82.00126130072435
6713,81.94440930268138
6714,81.88708309796677
6715,82.06346608104357
6716,82.17165141060724
6717,81.86914478489327
6718,82.07355789110287
6719,81.94440930268138
6720,82.2343003907963
6721,82.02598934801127
6722,82.0849481127112
6723,81.91143586929648
6724,82.10524798716813
6725,81.98900200563601
6726,81.83862712436546
6727,82.14113411621241
6728,81.84566937019797
6729,81.85455546295913
6730,81.80831647961381
6731,82.09033316732604
6732,82.09275741746976
6733,82.19392109768005
6734,82.05543791283517
6735,82.01532158923175
6736,82.10315610297444
6737,82.01758312792317
6738,82.17322475609349
6739,81.94087513968013
6740,81.95068443358971
6741,82.04372498102329
6742,82.01962811640243
6743,82.02667824073355
6744,81.86524672807903
6745,82.06480237122581
6746,82.08876637982773
6747,82.1074635560349
6748,81.95980796391798
6749,81.98566452361192
6750,82.00528597576202
6751,82.18471554248553
6752,82.09223499324742
6753,82.03330278022135
6754,82.09961909360658
6755,81.92870553170107
6756,81.80831647961381
6757,81.94693151889986
6758,82.12595938885138
6759,82.0092769073478
6760,82.02667824073355
6761,81.96913815023845
6762,81.89043658979928
6763,82.02667824073355
6764,82.03864593703098
6765,82.0550225735934
6766,81.95980796391798
6767,82.05766180222263
6768,81.99846011409271
6769,81.92016787225427
6770,82.01754545378046
6771,82.11971518591149
6772,81.91680116206146
6773,81.92756329847498
6774,82.120467800458
6775,82.13293761448459
6776,82.04610703246351
6777,82.11543817198972
6778,81.9061391410063
6779,82.17635582672709
6780,81.95526811603544
6781,81.80820867932158
6782,82.02622827220262
6783,82.0086897865558
6784,82.01303504391774
6785,82.02653743252759
6786,81.80831647961381
6787,81.88369220688743
6788,81.93821300393627
6789,82.0960528171544
6790,81.98028264494987
6791,81.89875162194792
6792,82.00208539538241
6793,82.0532875994326
6794,81.92584519529201
6795,82.13125499418518
6796,81.98900200563601
6797,81.93368722818484
6798,81.96913815023845
6799,82.01849665489092
6800,81.90616928427929
6801,82.03768548389814
6802,82.09121905040209
6803,81.91499516695167
6804,82.2343003907963
6805,82.09346303433585
6806,82.05372015972125
6807,82.10257386183167
6808,81.92308875884584
6809,82.0956669406965
6810,82.04138192212936
6811,81.9928141600517
6812,81.94693151889986
6813,82.23778040538227
6814,81.84698865817698
6815,81.94440930268138
6816,82.01270930005215
6817,82.05272653232059
6818,82.06131058870848
6819,81.92016787225427
6820,82.00528597576202
6821,82.00485441532413
6822,82.00572566980068
6823,82.00572566980068
6824,82.0785572306607
6825,82.04062913664595
6826,82.10421884545015
6827,82.10421884545015
6828,81.94440930268138
6829,81.9808153800554
6830,82.0311472831649
6831,82.08350533195133
6832,81.70323915046615
6833,81.84750368136618
6834,81.8695024518577
6835,81.99069665382788
6836,82.05886985015704
6837,81.84516400429544
6838,81.95312602977334
6839,81.98549698427175
6840,82.04456471216689
6841,82.08056935298265
6842,81.9808153800554
6843,82.05063961522913
6844,82.06053120995696
6845,82.02818115686077
6846,82.01962811640243
6847,82.03933985392622
6848,81.9758113244734
6849,81.85440124728058
6850,81.99069665382788
6851,81.9813605925358
6852,81.98437287313804
6853,82.12541145926146
6854,81.86538108131904
6855,81.9458137797074
6856,82.04182914059464
6857,82.05547254212433
6858,82.13357057962423
6859,82.1080290026887
6860,81.98028264494987
6861,82.03688402261403
6862,81.85154576466145
6863,82.01832089869615
6864,81.98252600164248
6865,81.95668935716236
6866,82.06632207247809
6867,81.95935799538705
6868,82.13293761448459
6869,82.04950669122435
6870,82.10841571265564
6871,82.0422116546489
6872,81.94678383404153
6873,82.06826686430843
6874,81.86524672807903
6875,81.99433027481973
6876,82.08077111139913
6877,82.01348501244867
6878,81.80831647961381
6879,81.96734382105129
6880,81.93393799404019
6881,81.86176291860605
6882,81.91009176525233
6883,81.95923200243286
6884,81.9813605925358
6885,82.04417494955422
6886,82.08252913717101
6887,82.09733135231184
6888,82.10757022324138
6889,82.10952791013267
6890,81.91177393330639
6891,81.92251233305501
6892,81.86524672807903
6893,81.90616928427929
6894,81.95980796391798
6895,82.00452106881124
6896,81.91009176525233
6897,81.9758113244734
6898,81.98001976572851
6899,82.09209729126988
6900,82.05697810341103
6901,82.03966693181206
6902,81.89875162194792
6903,82.03769571689361
6904,82.06827152825326
6905,82.05564750314184
6906,81.97026480659402
6907,81.98295818872371
6908,81.92016787225427
6909,81.71974055629302
6910,82.01539523381113
6911,82.03438359278017
6912,82.09536606388102
6913,81.92016787225427
6914,81.97635461013292
6915,81.97001520176535
6916,82.00208539538241
6917,81.99069665382788
6918,82.0358368853685
6919,82.14173306382051
6920,82.05334510737356
6921,81.83427725494957
6922,82.02062643767322
6923,82.04372498102329
6924,82.11759996877396
6925,81.93393799404019
6926,82.0086897865558
6927,81.98583262318732
6928,81.90944516939692
6929,82.06117708993611
6930,82.0943360842565
6931,82.09716372382344
6932,82.08413463458494
6933,82.14092506636254
6934,81.92016787225427
6935,82.08096787669567
6936,81.90915344127747
6937,82.04657613161349
6938,81.97486611674569
6939,81.87143101183896
6940,82.03528443290861
6941,82.02341302639084
6942,82.05904014933031
6943,82.00431732144841
6944,81.91143586929648
6945,82.06696144700047
6946,82.24340840573524
6947,81.94537185636462
6948,81.9386629724672
6949,82.06435240269488
6950,81.83592796809769
6951,82.12870820594485
6952,82.19392109768005
6953,81.83592796809769
6954,82.09716372382344
6955,81.92029495373393
6956,82.01964018667516
6957,82.09908715977011
6958,82.0422116546489
6959,82.08056935298265
6960,82.04857257222722
6961,81.86538108131904
6962,82.02263161776821
6963,82.00208539538241
6964,82.0361555609875
6965,81.98651800964512
6966,82.02316877674922
6967,81.93393799404019
6968,82.23162810698443
6969,82.03693409706081
6970,81.70244353613926
6971,81.92016787225427
6972,82.03769571689361
6973,81.96620919138722
6974,81.94440930268138
6975,82.11370192820266
6976,81.86512200981572
6977,81.98001976572851
6978,82.0678168957775
6979,81.87834286739786
6980,82.04565706393258
6981,82.06827152825326
6982,81.92017757702841
6983,82.09469010046011
6984,81.95935507400664
6985,81.98223431429845
6986,82.18352343959826
6987,81.89863137358584
6988,81.94911533436674
6989,82.04651416669417
6990,82.12929600442075
6991,81.79824037261187
6992,81.96260492169722
6993,82.1513890007875
6994,81.74743933644098
6995,82.02385539086674
6996,82.01330774671291
6997,82.19444853698717
6998,81.91138853788038
6999,82.01330774671291
7000,81.86538108131904
7001,81.98028264494987
7002,82.00222286321815
7003,82.04047702541243
7004,82.1791259578403
7005,81.95980796391798
7006,82.05552952738181
7007,81.85035366177418
7008,82.00476304658625
7009,81.98295818872371
7010,81.842635635194
7011,82.05272653232059
7012,82.00424498412232
7013,81.92488309794996
7014,81.93789011140562
7015,82.09171668255027
7016,81.88140597994173
7017,81.80831647961381
7018,81.85154576466145
7019,81.89819501788214
7020,82.09593273022853
7021,82.1152451101399
7022,81.95317950974389
7023,82.05555556658092
7024,81.98312984904574
7025,82.05547254212433
7026,82.13293761448459
7027,82.0678168957775
7028,81.94693151889986
7029,82.09716372382344
7030,81.91009176525233
7031,81.88369220688743
7032,82.003984086437
7033,82.01754545378046
7034,82.0254052540953
7035,82.12044751016293
7036,82.01161309852104
7037,81.95935507400664
7038,81.95279464591874
7039,81.94440930268138
7040,82.04590744350683
7041,82.15333865336093
7042,81.98900200563601
7043,82.04814257764446
7044,81.91427056606037
7045,81.95933537393752
7046,81.98900200563601
7047,81.84315188591769
7048,82.03768548389814
7049,81.86524672807903
7050,82.02263161776821
7051,81.9382880553434
7052,81.92251233305501
7053,82.05547254212433
7054,81.95980796391798
7055,82.06782155972233
7056,81.96913815023845
7057,81.91009176525233
7058,81.85793056524643
7059,82.09857357281288
7060,81.97635461013292
7061,81.80831647961381
7062,82.14313757953977
7063,81.97048765081885
7064,82.12447094936718
7065,81.95907527461863
7066,82.15333865336093
7067,82.03264401376434
7068,82.09961909360658
7069,82.00528597576202
7070,82.17396064155406
7071,82.1773863969185
7072,81.80831647961381
7073,81.98566452361192
7074,82.02999620302528
7075,81.9876039362158
7076,82.02622827220262
7077,81.95908908502136
7078,82.05272653232059
7079,81.88877644728085
7080,81.98028264494987
7081,82.06308574005624
7082,81.9808153800554
7083,82.09845809344529
7084,81.99953966731319
7085,82.18471554248553
7086,82.0500558750906
7087,82.0584873478628
7088,82.06104143879737
7089,82.06104143879737
7090,82.0133929000199
7091,82.01487162070082
7092,82.04903765433171
7093,82.0676888318882
7094,81.86524672807903
7095,82.1433637662408
7096,81.95933537393752
7097,82.13706072019868
7098,81.9808153800554
7099,81.85640264912958
7100,81.98143156723286
7101,82.05519753461091
7102,82.0213134634649
7103,81.85523126041141
7104,81.9884862155243
7105,81.92016787225427
7106,82.00572566980068
7107,82.09393704085163
7108,81.90086952570812
7109,82.01169630794205
7110,82.01688473326621
7111,81.86914478489327
7112,81.92113468487753
7113,82.03666898492926
7114,82.03393362424924
7115,81.95317950974389
7116,81.93622635228988
7117,81.95526811603544
7118,82.01754545378046
7119,82.1149882034588
7120,81.95068443358971
7121,82.06202555647891
7122,81.88874113912604
7123,81.9504039844507
7124,82.07482284567891
7125,81.93622635228988
7126,81.79824037261187
7127,82.1059192381425
7128,82.03393362424924
7129,81.98900200563601
7130,81.90325098465986
7131,82.00412275416436
7132,82.06827152825326
7133,82.01627874248472
7134,81.999653711733
7135,82.04208283346243
7136,81.92442977606977
7137,82.06444165934208
7138,81.93622635228988
7139,82.05255427524787
7140,82.05013944798387
7141,82.06198638616077
7142,81.92337731322239
7143,82.03960351319107
7144,82.13352335386243
7145,82.00528597576202
7146,82.0422116546489
7147,82.12334046720119
7148,81.9386629724672
7149,82.16464798705807
7150,82.02667824073355
7151,82.02355518767155
7152,81.96913815023845
7153,82.06606997805706
7154,82.18352343959826
7155,81.8853259960765
7156,81.89321691113282
7157,81.89875162194792
7158,82.20954395301369
7159,82.17176497096376
7160,81.99460211018615
7161,82.04522383575875
7162,82.06104143879737
7163,82.0155310022258
7164,82.04208283346243
7165,82.05218180804192
7166,82.02343023354939
7167,82.02263161776821
7168,81.97164155732118
7169,81.92016787225427
7170,81.91059872614206
7171,81.999653711733
7172,82.08474655843884
7173,81.85750038993086
7174,81.83592796809769
7175,82.0311472831649
7176,81.999653711733
7177,81.9808153800554
7178,82.05272653232059
7179,81.97606283382792
7180,81.95680274487576
7181,82.08158493885271
7182,82.12320141749497
7183,82.09244792493529
7184,82.02343023354939
7185,82.10178448121725
7186,82.05549107447668
7187,81.80831647961381
7188,82.06202555647891
7189,81.92016787225427
7190,82.04490939041611
7191,81.92016787225427
7192,81.95248585615403
7193,82.02789974837432
7194,82.01944431171414
7195,81.96913815023845
7196,81.93716144297709
7197,81.95935507400664
7198,82.01169630794205
7199,82.07330071013544
7200,82.10757022324138
7201,81.89151523799084
7202,82.08158493885271
7203,82.00733821593309
7204,82.05685542257777
7205,82.0934870723207
7206,81.99007875386745
7207,81.83545537811723
7208,81.97828124310087
7209,82.05824430587859
7210,82.0080753728637
7211,82.09831167374172
7212,82.12782046045935
7213,82.04812925073549
7214,82.00208539538241
7215,82.01035394181507
7216,82.05939170690856
7217,81.99608285664432
7218,82.0424103853543
7219,82.05334510737356
7220,82.1212982297028
7221,82.02622827220262
7222,81.90996584159475
7223,81.88408464698541
7224,81.88276378062515
7225,81.97241938033886
7226,81.95935507400664
7227,82.02369602308141
7228,82.00222286321815
7229,81.95526811603544
7230,82.18471554248553
7231,82.07482284567891
7232,82.04910125103089
7233,82.07252727959522
7234,81.96913815023845
7235,82.1890005223816
7236,82.11565782491147
7237,82.09665694801588
7238,82.10489735350272
7239,81.94678383404153
7240,82.01754545378046
7241,82.09638269875946
7242,81.98785441021165
7243,81.94648155036893
7244,81.96078853709238
7245,82.03407043560391
7246,82.07568927700994
7247,81.86512200981572
7248,82.04562514847906
7249,81.84823168226929
7250,81.95355828652876
7251,81.95526811603544
7252,82.04903765433171
7253,82.12493684288935
7254,82.01029170857518
7255,81.79824037261187
7256,82.14323012758081
7257,81.92584519529201
7258,81.98566452361192
7259,81.92369706434495
7260,82.0416328649315
7261,82.11049343391154
7262,82.1034719191942
7263,81.84516400429544
7264,82.04417494955422
7265,82.04558361764734
7266,82.03768548389814
7267,81.88140597994173
7268,81.83592796809769
7269,82.06826686430843
7270,82.046924804457
7271,81.93478060219512
7272,82.0997849514847
7273,82.04231047514804
7274,82.09164612054485
7275,81.99208290116715
7276,82.19523394986527
7277,82.0155310022258
7278,81.92369706434495
7279,81.99867957797909
7280,82.15266208365527
7281,81.89605662071914
7282,81.94678383404153
7283,82.05775534287068
7284,81.96127406535223
7285,82.05272653232059
7286,81.8346097579975
7287,81.97828124310087
7288,82.06202555647891
7289,82.06238115386326
7290,81.9745474952268
7291,81.85924985322545
7292,82.08090564345578
7293,82.03488208363686
7294,82.0540034265803
7295,82.06826686430843
7296,81.92016787225427
7297,82.06104143879737
7298,81.83252115170595
7299,82.0956329876716
7300,82.01575794663054
7301,82.10523975220084
7302,81.97976737615807
7303,82.05582317578974
7304,82.02859729678723
7305,81.86524672807903
7306,82.02218164923728
7307,82.05080882304277
7308,81.83592796809769
7309,81.98001976572851
7310,81.88369220688743
7311,82.10757022324138
7312,82.13293761448459
7313,82.06963997337994
7314,82.10072627597242
7315,82.06826686430843
7316,82.04610703246351
7317,81.842635635194
7318,82.01543127779426
7319,81.84750368136618
7320,81.86176291860605
7321,82.12552311895585
7322,81.9734169605156
7323,82.04097005008735
7324,81.87255146646311
7325,81.95935507400664
7326,81.86524672807903
7327,82.08090564345578
7328,82.0678168957775
7329,81.86914478489327
7330,81.91971790372334
7331,82.05547254212433
7332,81.9386629724672
7333,82.09996972727198
7334,81.99069665382788
7335,81.86524672807903
7336,82.03447640169084
7337,82.04712709163431
7338,82.10454755912984
7339,81.96954261178489
7340,82.11579190091679
7341,82.003984086437
7342,81.90007090992694
7343,82.01148907456073
7344,82.00126130072435
7345,81.94739278702218
7346,81.9680740052535
7347,81.95933537393752
7348,81.99952737226417
7349,81.91971790372334
7350,81.95526811603544
7351,82.05237338270153
7352,82.02667824073355
7353,82.11073758400929
7354,81.98437287313804
7355,81.97635461013292
7356,82.01129893914568
7357,82.1756687769752
7358,82.1029632326939
7359,82.01035394181507
7360,81.95980796391798
7361,82.0960528171544
7362,81.95935507400664
7363,81.88140597994173
7364,81.85421804847333
7365,82.03432102633978
7366,82.02667824073355
7367,81.94504156100255
7368,82.02429955299748
7369,82.12210217877981
7370,82.01754545378046
7371,81.98001976572851
7372,81.90616928427929
7373,82.04216256051666
7374,81.9900252738969
7375,82.06827152825326
7376,82.04693588261053
7377,82.06202555647891
7378,81.98028264494987
7379,81.95980796391798
7380,81.95106682750486
7381,82.12044751016293
7382,82.02263161776821
7383,81.88823779906568
7384,82.0149452652802
7385,82.04903765433171
7386,82.08807215802914
7387,81.88425530767667
7388,82.02263161776821
7389,82.00431732144841
7390,82.12541145926146
7391,81.9417940431008
7392,82.02773118832984
7393,82.09275741746976
7394,82.0086897865558
7395,81.94693151889986
7396,82.01148907456073
7397,82.01976680149843
7398,82.1773863969185
7399,82.0841816831952
7400,82.15646972399453
7401,81.95935507400664
7402,81.87834286739786
7403,81.84007019876235
7404,81.95526811603544
7405,82.18635923013399
7406,81.92016787225427
7407,81.79824037261187
7408,81.97783127456994
7409,81.90616928427929
7410,82.01035394181507
7411,82.05272653232059
7412,81.98900200563601
7413,81.88874113912604
7414,81.92016787225427
7415,81.9815870339796
7416,82.15253482744194
7417,82.23162810698443
7418,81.83592796809769
7419,81.95609150842083
7420,82.09879509174137
7421,82.04523298398193
7422,81.92251233305501
7423,81.80831647961381
7424,82.12943479893532
7425,82.00572566980068
7426,82.04766579475948
7427,81.93183597312114
7428,82.07482284567891
7429,82.03815056188066
7430,82.00195003592286
7431,81.85793056524643
7432,81.94087513968013
7433,82.05990772561395
7434,82.05766180222263
7435,82.09235491676091
7436,82.09563416594864
7437,82.00062231150311
7438,82.12786408225729
7439,82.04522383575875
7440,81.98028264494987
7441,81.96519935188367
7442,81.99702626454831
7443,81.86538108131904
7444,82.01539523381113
7445,82.15746822325484
7446,82.01330774671291
7447,81.95935507400664
7448,81.92016787225427
7449,82.11275800324097
7450,81.93511173492008
7451,82.01754545378046
7452,82.00399692214884
7453,82.03913835676411
7454,81.83862712436546
7455,82.15488645328419
7456,82.08056935298265
7457,82.12098145282349
7458,81.97635461013292
7459,81.98566452361192
7460,81.88369220688743
7461,82.17557745032931
7462,81.89151523799084
7463,81.90616928427929
7464,82.12233410756168
7465,81.98299504776722
7466,82.07568927700994
7467,82.05334510737356
7468,81.9808153800554
7469,82.06595823814447
7470,82.11543817198972
7471,81.98529226536573
7472,81.98299504776722
7473,82.04757706016524
7474,82.06826686430843
7475,82.12334046720119
7476,81.98001976572851
7477,82.06445577755765
7478,82.08037647470054
7479,81.87716655584416
7480,82.04836405461553
7481,81.96913815023845
7482,82.03738474299222
7483,82.04113802736062
7484,82.02527358994831
7485,81.92016787225427
7486,82.00483600723109
7487,81.94504156100255
7488,82.0496223276162
7489,82.06826686430843
7490,81.96720929337141
7491,81.94693151889986
7492,82.09393704085163
7493,82.17465862294141
7494,81.8991858526792
7495,82.01725412039212
7496,82.08158493885271
7497,82.02128524288952
7498,82.06229554489994
7499,82.04852351782033
7500,82.01754545378046
7501,82.14113411621241
7502,82.05547254212433
7503,82.03864593703098
7504,81.9674744925172
7505,82.10257386183167
7506,82.05547254212433
7507,82.01824693715271
7508,81.99777742294492
7509,82.01169630794205
7510,82.17322475609349
7511,81.9386629724672
7512,82.11586112088308
7513,81.9057885073409
7514,81.84698865817698
7515,81.97250270293917
7516,82.04665264540297
7517,82.0516868059219
7518,81.95935507400664
7519,81.98028264494987
7520,81.9592854824034
7521,81.96837466464244
7522,82.04852351782033
7523,81.93477352810348
7524,82.04749370153637
7525,81.97038164624178
7526,82.00429708495483
7527,81.9758113244734
7528,81.85455546295913
7529,82.09716372382344
7530,82.03188800023283
7531,81.98312984904574
7532,81.92855893259001
7533,82.12246342731535
7534,81.86512200981572
7535,81.95744707888886
7536,82.06883738427767
7537,81.95980796391798
7538,82.0311472831649
7539,81.96113835026006
7540,82.17640407444263
7541,82.13163364859427
7542,82.02083527435859
7543,82.02904404789027
7544,81.80354782921034
7545,82.2589334029918
7546,82.06198638616077
7547,81.99112442189511
7548,82.1095445194322
7549,82.0678168957775
7550,82.04712709163431
7551,82.17635582672709
7552,81.91143586929648
7553,82.12182051523926
7554,82.1541997000108
7555,81.60889783288196
7556,81.80831647961381
7557,82.09765073664539
7558,81.99069665382788
7559,81.97688869509491
7560,81.93672042029353
7561,82.11141445290795
7562,82.09011031275448
7563,82.05866059801541
7564,82.12552311895585
7565,82.00483600723109
7566,81.85915626820464
7567,81.98437287313804
7568,81.83842178056203
7569,82.03438359278017
7570,82.07949017896618
7571,82.09996972727198
7572,81.93314666395065
7573,81.84516400429544
7574,81.89366545796017
7575,82.1749198863882
7576,82.0592472213902
7577,81.96098892895576
7578,81.71575566922712
7579,81.9386629724672
7580,81.95933537393752
7581,82.01035394181507
7582,81.86914478489327
7583,82.02622827220262
7584,82.15588842327656
7585,81.9001718422618
7586,82.00744414868892
7587,82.02128524288952
7588,81.86146451690766
7589,82.01330774671291
7590,81.92376433228418
7591,82.10257386183167
7592,82.0678168957775
7593,82.04159855446905
7594,81.93341225392163
7595,82.01627874248472
7596,81.92584519529201
7597,82.23162810698443
7598,81.99920374320207
7599,82.09033316732604
7600,82.10848449438849
7601,82.03795041434239
7602,82.11543817198972
7603,82.02335403771171
7604,81.83545537811723
7605,81.98855203710508
7606,82.07691553084194
7607,82.18352343959826
7608,81.97635461013292
7609,81.61202890351557
7610,81.92016787225427
7611,82.01256291817356
7612,81.98028264494987
7613,82.03608540683285
7614,82.05939170690856
7615,81.92016787225427
7616,81.86538108131904
7617,81.97402934703918
7618,82.10901801817856
7619,82.0989762547951
7620,82.0455414559879
7621,81.93622635228988
7622,82.12068017295611
7623,82.05547254212433
7624,82.01858668822817
7625,82.0641072920261
7626,81.88803142851786
7627,82.09393704085163
7628,81.91009176525233
7629,81.96692337460505
7630,82.0689265837599
7631,81.98028264494987
7632,81.8346097579975
7633,81.95923200243286
7634,82.10336599064922
7635,81.96582336016873
7636,82.02734469922078
7637,81.79824037261187
7638,81.98855119138253
7639,82.05866059801541
7640,82.06826686430843
7641,81.91009176525233
7642,81.842635635194
7643,81.79824037261187
7644,81.98216119473213
7645,81.93583184490764
7646,82.04231047514804
7647,81.98028264494987
7648,82.02598934801127
7649,81.95564739743728
7650,81.9808153800554
7651,82.12053148429256
7652,82.00045025625828
7653,81.89518203801828
7654,81.93387534705039
7655,82.16677367783758
7656,82.07822556134073
7657,82.09301033722932
7658,82.16752910966532
7659,82.09894858054197
7660,81.86524672807903
7661,82.21166255141492
7662,82.09373559404418
7663,82.00572566980068
7664,82.17975815703004
7665,82.11615393005268
7666,82.01754545378046
7667,82.1607618864447
7668,82.0311472831649
7669,81.93583184490764
7670,81.95935507400664
7671,81.96868818170752
7672,82.10266819893464
7673,82.03777696410432
7674,81.98283322938678
7675,81.95719687611185
7676,81.98283693744355
7677,82.02128524288952
7678,82.10391788461217
7679,81.80831647961381
7680,81.842635635194
7681,82.00222286321815
7682,81.904539967013
7683,81.98437287313804
7684,82.05460688741161
7685,82.06606997805706
7686,82.0190366567591
7687,81.98855119138253
7688,82.05547254212433
7689,81.9635148661523
7690,81.82302448330235
7691,82.04757706016524
7692,82.10792355951232
7693,82.13706072019868
7694,82.09665694801588
7695,82.0143980571786
7696,81.94848754733835
7697,82.02001010484459
7698,81.83255791004092
7699,81.90616928427929
7700,82.03913835676411
7701,81.85455546295913
7702,82.06244232416223
7703,82.08578675986922
7704,81.99222109978582
7705,81.98312984904574
7706,81.99155817616943
7707,81.86538108131904
7708,82.05866059801541
7709,82.19392109768005
7710,81.91009176525233
7711,82.01824693715271
7712,81.96620919138722
7713,82.04742739271789
7714,81.99069665382788
7715,81.93511173492008
7716,82.09961909360658
7717,81.98028264494987
7718,81.91143586929648
7719,81.96868818170752
7720,81.97388547194649
7721,81.98855203710508
7722,81.90086952570812
7723,82.09857357281288
7724,82.09665694801588
7725,82.02218164923728
7726,82.04903765433171
7727,81.97007642843002
7728,81.97869386601138
7729,81.93622635228988
7730,82.05547254212433
7731,82.0702676466136
7732,82.09301033722932
7733,81.89863137358584
7734,82.02263161776821
7735,82.00435056492537
7736,82.03075152481533
7737,82.0311472831649
7738,81.70323915046615
7739,81.84698865817698
7740,82.10662627042504
7741,82.01035394181507
7742,82.02128524288952
7743,81.89732247133476
7744,82.05547254212433
7745,82.1152451101399
7746,82.01950436431225
7747,82.05775534287068
7748,82.031772609546
7749,82.09385266625685
7750,82.09665694801588
7751,82.01883810938293
7752,82.01754545378046
7753,82.04903765433171
7754,81.86914478489327
7755,81.842635635194
7756,82.04049793929998
7757,81.92016787225427
7758,81.88140597994173
7759,82.16604636747387
7760,81.93639342417515
7761,81.96243238194413
7762,81.93622635228988
7763,82.08056935298265
7764,81.9808153800554
7765,81.96178754473694
7766,81.842635635194
7767,82.13083905083055
7768,81.95935507400664
7769,81.91217758406846
7770,81.92756329847498
7771,82.06367949130731
7772,81.84194336434844
7773,82.05443618795267
7774,81.94678383404153
7775,81.80831647961381
7776,82.00572566980068
7777,82.00222286321815
7778,82.06216265443676
7779,81.98295818872371
7780,81.94440930268138
7781,81.91009176525233
7782,82.01148907456073
7783,81.98028264494987
7784,81.92016787225427
7785,81.93810639034048
7786,82.20980572042062
7787,81.80831647961381
7788,81.94082012763847
7789,81.92016787225427
7790,81.91971790372334
7791,82.07109512642207
7792,81.94087513968013
7793,82.06202555647891
7794,82.04747909781135
7795,81.9748105354666
7796,81.88899450210826
7797,81.96613186780793
7798,82.06826686430843
7799,81.95317950974389
7800,82.09301033722932
7801,82.09716372382344
7802,81.97536135594247
7803,81.79824037261187
7804,82.05207128605477
7805,81.84315188591769
7806,81.94440930268138
7807,82.02263161776821
7808,82.02789974837432
7809,82.06672383514326
7810,82.16752910966532
7811,82.03767233477399
7812,82.09786170521079
7813,82.01598431465365
7814,81.94693151889986
7815,82.03452528059096
7816,81.99069665382788
7817,82.09716372382344
7818,82.01824569610174
7819,81.86538108131904
7820,82.003984086437
7821,82.0550225735934
7822,82.09872510096628
7823,81.94440930268138
7824,81.9756319882555
7825,82.0627320725387
7826,81.99727995227619
7827,82.14068414768148
7828,81.85455546295913
7829,82.05080882304277
7830,81.9808153800554
7831,82.10297104006403
7832,82.05866059801541
7833,82.00572566980068
7834,81.88140597994173
7835,82.05939170690856
7836,81.85154576466145
7837,82.08113497032178
7838,82.05334510737356
7839,81.99676379849632
7840,82.00435056492537
7841,81.855239466487
7842,82.0247495215284
7843,82.0166661729703
7844,82.0982705132174
7845,81.93478060219512
7846,81.98028264494987
7847,82.00572566980068
7848,82.05375426151915
7849,81.99078180713487
7850,82.12053148429256
7851,82.03815056188066
7852,81.84315188591769
7853,81.98001976572851
7854,82.2311781384535
7855,81.94829938890238
7856,82.18471554248553
7857,82.09831167374172
7858,82.02918131140848
7859,81.9745474952268
7860,82.04610703246351
7861,81.84315188591769
7862,82.10257386183167
7863,82.01716785028411
7864,82.11215458833914
7865,81.96909264325396
7866,81.98312984904574
7867,81.99069665382788
7868,82.13293761448459
7869,81.9378258842694
7870,82.02263161776821
7871,82.07698831381812
7872,82.03496345810022
7873,82.120467800458
7874,82.03664057763973
7875,81.986858995247
7876,81.92016787225427
7877,82.09346303433585
7878,81.91971790372334
7879,82.05866059801541
7880,81.95890510547571
7881,82.08822058113935
7882,82.1791259578403
7883,82.05051077262794
7884,82.0934870723207
7885,81.89875162194792
7886,81.94440930268138
7887,82.06826686430843
7888,81.8660816723494
7889,81.97286934886979
7890,81.93810639034048
7891,81.96818743801504
7892,81.92329894288787
7893,82.09716372382344
7894,81.98028264494987
7895,82.0960528171544
7896,81.93810639034048
7897,81.93477352810348
7898,82.12169325501732
7899,81.9552146360649
7900,81.95980796391798
7901,81.97144250650327
7902,82.06826686430843
7903,81.96913815023845
7904,82.05940014829918
7905,81.97869386601138
7906,81.95935507400664
7907,81.9808153800554
7908,81.999653711733
7909,82.05547254212433
7910,81.85193132865311
7911,81.92016787225427
7912,81.92376433228418
7913,81.92016787225427
7914,81.91217758406846
7915,82.09011026905678
7916,81.94087513968013
7917,82.05272653232059
7918,82.17635582672709
7919,82.06696144700047
7920,82.00114443102488
7921,82.01962811640243
7922,81.85154576466145
7923,81.86524672807903
7924,82.06963997337994
7925,82.05051077262794
7926,81.90616928427929
7927,82.00528597576202
7928,82.24572356276633
7929,82.01256974266015
7930,82.08141841144622
7931,82.0311472831649
7932,81.83255791004092
7933,81.91971790372334
7934,82.0970469102118
7935,82.07437287714798
7936,81.98566452361192
7937,82.02263161776821
7938,81.98299504776722
7939,81.96127406535223
7940,82.06104143879737
7941,81.96491861537054
7942,82.09831167374172
7943,81.98001976572851
7944,82.12289049867026
7945,82.003984086437
7946,81.94693151889986
7947,81.99007875386745
7948,81.94739278702218
7949,81.99123600418065
7950,81.84698865817698
7951,82.10067279600187
7952,82.05685542257777
7953,82.09872510096628
7954,82.01754545378046
7955,81.93393799404019
7956,81.95668935716236
7957,82.07568927700994
7958,81.92376433228418
7959,82.0998984724891
7960,81.98566452361192
7961,81.98028264494987
7962,81.98290470875317
7963,81.94082012763847
7964,81.92985680838093
7965,82.09442082203422
7966,82.09879509174137
7967,81.96913815023845
7968,82.04490939041611
7969,81.87716655584416
7970,81.94678383404153
7971,82.01590854959322
7972,82.02128524288952
7973,81.95668935716236
7974,81.94504156100255
7975,82.08334214614858
7976,82.05707672446508
7977,82.04757706016524
7978,81.89840228781082
7979,82.11534193238586
7980,81.96913815023845
7981,82.16752910966532
7982,81.96954261178489
7983,82.11061245316425
7984,82.05227656378966
7985,81.86538108131904
7986,82.13706072019868
7987,81.95068443358971
7988,81.99203289568153
7989,81.95935507400664
7990,81.98900200563601
7991,82.04216256051666
7992,82.02656130418299
7993,82.16923659544493
7994,81.80831647961381
7995,82.10227305867669
7996,82.06027341999544
7997,82.02289701164901
7998,81.96605671449785
7999,82.09831167374172
8000,82.09346303433585
8001,81.96913815023845
8002,82.06937246680386
8003,81.96954261178489
8004,81.88874113912604
8005,81.80831647961381
8006,82.17869601614416
8007,82.08056935298265
8008,82.01161309852104
8009,82.09033316732604
8010,81.9808153800554
8011,81.95526811603544
8012,81.98028264494987
8013,82.06963997337994
8014,81.91009176525233
8015,82.05080882304277
8016,82.00862644483739
8017,81.74693801816635
8018,81.92584519529201
8019,82.05227656378966
8020,82.04417494955422
8021,81.9603189185323
8022,81.97683401503099
8023,82.06060289895282
8024,81.95980796391798
8025,81.91044239891774
8026,81.90990826252568
8027,82.02263161776821
8028,81.80831647961381
8029,81.99777742294492
8030,81.85924985322545
8031,82.05547254212433
8032,82.12383620257872
8033,81.9444281621139
8034,81.83255791004092
8035,82.08629206484544
8036,81.9001718422618
8037,82.03851043425273
8038,82.08158493885271
8039,82.23162810698443
8040,81.93748047573247
8041,82.11543817198972
8042,81.80831647961381
8043,82.0678168957775
8044,82.09660804843472
8045,82.0155310022258
8046,82.0918451255087
8047,82.08938505593962
8048,81.93477352810348
8049,82.03393362424924
8050,81.99822739147585
8051,81.97976737615807
8052,82.06826686430843
8053,82.10598476362601
8054,81.89863137358584
8055,82.0389155886731
8056,82.05547254212433
8057,81.98028264494987
8058,82.11046458840269
8059,82.03778662165611
8060,81.904539967013
8061,82.12054954275385
8062,82.14730289661706
8063,81.91680116206146
8064,82.07816665946595
8065,81.79824037261187
8066,82.05547254212433
8067,82.02667824073355
8068,81.90104603997733
8069,82.04903765433171
8070,81.95935507400664
8071,82.01823224123999
8072,81.89863137358584
8073,81.79824037261187
8074,81.88140597994173
8075,81.94693151889986
8076,82.13293761448459
8077,82.0550225735934
8078,82.00313858546396
8079,81.97001520176535
8080,82.11971518591149
8081,81.94022466110556
8082,81.9808153800554
8083,82.06395020390937
8084,81.77688974648558
8085,82.1095445194322
8086,82.01950054713461
8087,81.98028264494987
8088,82.18471554248553
8089,81.97001520176535
8090,81.88060294268641
8091,81.8491375363153
8092,82.02263161776821
8093,81.91680116206146
8094,81.93622635228988
8095,82.13098454825551
8096,81.9592854824034
8097,81.95980796391798
8098,81.92016787225427
8099,82.02652643113493
8100,82.04466991779915
8101,81.71974055629302
8102,81.91009176525233
8103,82.04994667894661
8104,81.89366545796017
8105,82.0191781478715
8106,82.24463926379741
8107,82.19863982307685
8108,81.95355828652876
8109,82.09346303433585
8110,81.9758113244734
8111,81.95076105444073
8112,81.84030983747954
8113,82.0155310022258
8114,82.01857332738167
8115,81.86538108131904
8116,82.1265513772078
8117,82.04903765433171
8118,81.86176291860605
8119,82.08938505593962
8120,81.98028264494987
8121,82.02298026501846
8122,82.07925006500363
8123,81.9813780517242
8124,81.95183102425406
8125,81.99069665382788
8126,82.08090564345578
8127,82.10513098902513
8128,82.10487378264801
8129,81.9808153800554
8130,82.09371571976665
8131,82.06104143879737
8132,82.08051790816474
8133,82.04610703246351
8134,81.9813605925358
8135,81.91009176525233
8136,82.09857357281288
8137,81.70323915046615
8138,81.88803142851786
8139,81.78038114854274
8140,82.06606997805706
8141,82.1320836171252
8142,81.91009176525233
8143,81.99920374320207
8144,81.91143586929648
8145,81.98519868786482
8146,82.10757022324138
8147,82.13293761448459
8148,82.06260316146897
8149,82.06333616571077
8150,82.10072627597242
8151,82.01962811640243
8152,82.06847158829191
8153,82.10791352456583
8154,82.05775534287068
8155,82.06826686430843
8156,81.93393799404019
8157,81.86524672807903
8158,82.08983775304615
8159,82.00572566980068
8160,81.85193132865311
8161,82.08375944409137
8162,81.91143586929648
8163,81.91680116206146
8164,81.83712031097885
8165,81.92051850591967
8166,82.00431732144841
8167,82.16961944756532
8168,82.01539523381113
8169,81.98028264494987
8170,82.06861749797383
8171,81.92376433228418
8172,82.1149882034588
8173,82.09939056505284
8174,82.07993218053215
8175,82.0934870723207
8176,82.09275741746976
8177,82.05990772561395
8178,81.93511173492008
8179,82.07572705976337
8180,81.90654190297829
8181,81.9712050758871
8182,81.9808153800554
8183,82.05168011543299
8184,81.98028264494987
8185,81.93622635228988
8186,82.03438359278017
8187,81.98028264494987
8188,81.96868818170752
8189,82.04297596182991
8190,81.87434739565556
8191,81.97001520176535
8192,81.9417940431008
8193,82.00208539538241
8194,81.96958303851557
8195,82.10489161345397
8196,81.98741509694206
8197,82.04113802736062
8198,81.83739406953194
8199,82.0092769073478
8200,82.12334046720119
8201,81.94047719574235
8202,82.04249407784546
8203,82.11077161409648
8204,82.04160047335125
8205,82.00173357306439
8206,81.9467759785312
8207,81.9808153800554
8208,81.91059872614206
8209,81.85493485712524
8210,81.93888578727947
8211,82.1320836171252
8212,81.91971790372334
8213,81.92855893259001
8214,82.01962811640243
8215,82.11579190091679
8216,82.00572566980068
8217,81.9426334588185
8218,81.98785835243163
8219,81.98028264494987
8220,82.06826686430843
8221,81.80831647961381
8222,82.00528597576202
8223,81.99920374320207
8224,81.89347948020385
8225,82.01824693715271
8226,82.11591460085363
8227,81.97254756734526
8228,81.98312984904574
8229,81.94693151889986
8230,81.84566937019797
8231,81.98001976572851
8232,82.18471554248553
8233,82.10643297916597
8234,81.79824037261187
8235,82.06777136423835
8236,82.0190366567591
8237,82.07691553084194
8238,81.98028264494987
8239,81.99887348930044
8240,81.9161181012453
8241,81.97983267641894
8242,82.1047182689824
8243,82.00572566980068
8244,81.86176291860605
8245,82.23162810698443
8246,81.90104603997733
8247,82.10791352456583
8248,82.05825456038609
8249,82.14933136973731
8250,82.01439121228137
8251,81.80354782921034
8252,81.90153335844442
8253,82.10045388821739
8254,81.79824037261187
8255,82.1143911199637
8256,81.96582336016873
8257,81.98028264494987
8258,82.10828756753801
8259,82.12053148429256
8260,82.10909455090128
8261,81.96243238194413
8262,82.07872776833212
8263,81.91971790372334
8264,81.91222286374678
8265,81.88874113912604
8266,82.05875955168598
8267,82.19029581639035
8268,82.08319642814983
8269,81.98028264494987
8270,82.03880137289563
8271,81.97007642843002
8272,82.03438359278017
8273,81.95980796391798
8274,81.8668166580076
8275,82.13293761448459
8276,82.10591833796583
8277,81.88140597994173
8278,82.03438359278017
8279,82.11587449919315
8280,81.94022466110556
8281,82.01616905973728
8282,81.99651261837865
8283,81.99069665382788
8284,82.02966850316119
8285,82.06827152825326
8286,82.09649892292674
8287,82.02622827220262
8288,82.02966850316119
8289,82.02218164923728
8290,82.09346303433585
8291,81.92016787225427
8292,81.91217758406846
8293,81.84315188591769
8294,82.02667824073355
8295,82.09668535186003
8296,82.13198688272914
8297,82.18471554248553
8298,82.0389155886731
8299,82.00222286321815
8300,81.99007875386745
8301,81.9291060033925
8302,82.11571040794271
8303,82.14113411621241
8304,81.93789011140562
8305,82.08551187686334
8306,81.84315188591769
8307,81.93789011140562
8308,82.12564735205619
8309,82.03829530336557
8310,81.93515490479062
8311,82.0500558750906
8312,82.0155310022258
8313,81.8668166580076
8314,82.05730537433975
8315,82.0190366567591
8316,82.00528597576202
8317,81.92359098124658
8318,82.09393704085163
8319,82.10791352456583
8320,82.06892155682284
8321,82.01962811640243
8322,82.0678168957775
8323,81.91143586929648
8324,82.08608142649977
8325,81.91059872614206
8326,82.04757706016524
8327,82.05552952738181
8328,82.01725412039212
8329,81.99777742294492
8330,82.0149452652802
8331,82.17769055989149
8332,81.95068443358971
8333,81.98299504776722
8334,81.92488309794996
8335,82.12098145282349
8336,82.10067279600187
8337,81.96025676377772
8338,82.09831167374172
8339,82.00527570126975
8340,82.05394370230307
8341,82.05272653232059
8342,81.95216123012
8343,82.00142763640065
8344,81.80831647961381
8345,81.96243238194413
8346,82.04565706393258
8347,82.2311781384535
8348,81.98501527203732
8349,82.12118355852095
8350,82.03864593703098
8351,81.93393799404019
8352,82.14113411621241
8353,81.9573218434671
8354,81.85193132865311
8355,81.913244343844
8356,82.10370879701497
8357,82.11623054388033
8358,82.0181993067582
8359,82.04182914059464
8360,81.94778049072475
8361,81.9653733916378
8362,81.99460211018615
8363,82.17026598691038
8364,82.03492637022177
8365,81.96913815023845
8366,82.14360870286754
8367,82.0361906091088
8368,81.89151523799084
8369,82.02968920949922
8370,81.98028264494987
8371,81.98299504776722
8372,81.88649042689946
8373,82.05840097257727
8374,81.85154576466145
8375,81.92016787225427
8376,81.99069665382788
8377,82.18373944360941
8378,82.16677367783758
8379,82.10757022324138
8380,82.06826686430843
8381,82.03985417966824
8382,82.01765996159982
8383,82.08158493885271
8384,82.14933136973731
8385,81.84315188591769
8386,82.0960528171544
8387,81.96228630017833
8388,82.04903765433171
8389,81.95935507400664
8390,81.9658049111049
8391,81.98028264494987
8392,81.88899450210826
8393,82.09831167374172
8394,82.03378825834596
8395,81.85035366177418
8396,81.98028264494987
8397,82.14933136973731
8398,82.11591460085363
8399,82.07311083227184
8400,82.06826686430843
8401,82.14167608650563
8402,82.00208539538241
8403,82.15304272206768
8404,82.02083527435859
8405,81.95068443358971
8406,81.95668935716236
8407,81.96219807887903
8408,82.09831167374172
8409,82.07532632394071
8410,82.11841079886726
8411,81.94831031269109
8412,82.10257386183167
8413,82.07381300105935
8414,81.92398441414336
8415,82.11876893964626
8416,82.0361555609875
8417,81.94440930268138
8418,82.04421736444495
8419,82.05814482593621
8420,82.05013944798387
8421,82.102549190325
8422,81.96113835026006
8423,82.05547254212433
8424,82.00572566980068
8425,82.09475671992719
8426,82.06242982062966
8427,82.04695341174082
8428,81.98900200563601
8429,82.11971518591149
8430,81.97983267641894
8431,82.10841571265564
8432,82.0149452652802
8433,81.79824037261187
8434,81.9386629724672
8435,82.05227656378966
8436,82.0115045226246
8437,81.9382880553434
8438,82.2311781384535
8439,82.03045903847779
8440,82.1212982297028
8441,82.01962811640243
8442,82.09171668255027
8443,81.92016787225427
8444,81.9592854824034
8445,82.05547254212433
8446,81.95068443358971
8447,82.10757022324138
8448,81.92584519529201
8449,82.11586112088308
8450,81.84090477448531
8451,82.04177831978251
8452,81.83592796809769
8453,81.96913815023845
8454,82.08551187686334
8455,82.14974827491653
8456,81.842635635194
8457,81.92584519529201
8458,82.10212389330074
8459,81.91009176525233
8460,82.05460688741161
8461,81.88140597994173
8462,81.98028264494987
8463,81.92016787225427
8464,82.11180397573764
8465,82.06826686430843
8466,81.94678383404153
8467,81.92016787225427
8468,81.85306722273008
8469,82.12098145282349
8470,82.05547254212433
8471,82.10536679536843
8472,82.00208539538241
8473,82.03864593703098
8474,81.84516400429544
8475,81.98028264494987
8476,81.95907527461863
8477,82.12786408225729
8478,82.00572566980068
8479,82.09033316732604
8480,82.06958351943418
8481,82.00572566980068
8482,81.83255791004092
8483,81.96913815023845
8484,82.12365373663536
8485,82.03438359278017
8486,81.93622635228988
8487,82.04770052657275
8488,81.89157342322774
8489,82.01962811640243
8490,82.05242449594732
8491,82.14912670778035
8492,82.02789974837432
8493,81.86512200981572
8494,82.09328562551325
8495,82.14564817089122
8496,82.0695623651263
8497,82.07822556134073
8498,82.003984086437
8499,81.98028264494987
8500,82.11824026119585
8501,81.95068443358971
8502,81.79824037261187
8503,82.03933985392622
8504,82.06632410103978
8505,81.96836557647019
8506,81.96004168577322
8507,82.0311472831649
8508,81.95068443358971
8509,82.1551498366688
8510,82.00208539538241
8511,82.11609316756791
8512,82.05783171362528
8513,81.66972620590859
8514,82.12233410756168
8515,82.03738474299222
8516,81.99672662101115
8517,82.05886985015704
8518,82.06826686430843
8519,81.95980796391798
8520,82.00499292534366
8521,81.85764820018895
8522,81.96582336016873
8523,82.05547254212433
8524,81.85640264912958
8525,82.05013944798387
8526,81.92270775872113
8527,82.06367949130731
8528,82.03716874267232
8529,81.95980796391798
8530,82.00412275416436
8531,82.05939170690856
8532,82.12775380430831
8533,81.95890510547571
8534,81.95668935716236
8535,82.0484357834717
8536,81.80831647961381
8537,81.92016787225427
8538,81.94778049072475
8539,82.01532158923175
8540,81.95622824135276
8541,82.03038292480156
8542,81.88874113912604
8543,81.9386629724672
8544,82.18352343959826
8545,81.91143586929648
8546,81.96913815023845
8547,82.03874959432888
8548,82.01035394181507
8549,82.01600283511273
8550,82.10550322389834
8551,81.91680116206146
8552,82.0328440043536
8553,81.95602321862359
8554,82.06826686430843
8555,81.92855893259001
8556,81.85455546295913
8557,82.03913835676411
8558,82.05547254212433
8559,82.02332728193403
8560,82.02263161776821
8561,81.86538108131904
8562,82.02667824073355
8563,81.92016787225427
8564,82.16072420393738
8565,81.95572979271694
8566,82.04297596182991
8567,82.09011026905678
8568,82.05547254212433
8569,82.09277508340163
8570,82.01205462823887
8571,81.90955762886027
8572,82.06827152825326
8573,81.97976737615807
8574,82.0050328978794
8575,82.10757022324138
8576,82.07983573111483
8577,81.88276378062515
8578,82.07188035532924
8579,81.94082012763847
8580,82.07398141144434
8581,81.85455546295913
8582,82.01725412039212
8583,81.83252115170595
8584,82.1925616660534
8585,82.05547254212433
8586,81.98252600164248
8587,82.15164400516906
8588,81.84613520594506
8589,81.80831647961381
8590,81.91217758406846
8591,82.00476304658625
8592,81.95216123012
8593,81.96913815023845
8594,82.18892980455387
8595,82.10489161345397
8596,82.0966903974846
8597,81.88803142851786
8598,81.99155817616943
8599,82.00572566980068
8600,81.91680116206146
8601,81.91009176525233
8602,82.0149452652802
8603,82.03738474299222
8604,82.03116219647939
8605,82.23162810698443
8606,82.0402629395457
8607,81.99433027481973
8608,82.0681675294429
8609,82.00483600723109
8610,82.11127307724466
8611,81.88899450210826
8612,81.97007642843002
8613,82.04842873952394
8614,81.84516400429544
8615,82.1666998236308
8616,82.10328961989462
8617,82.23162810698443
8618,82.03822693263525
8619,81.90325098465986
8620,81.92696539843091
8621,82.1074635560349
8622,81.9592854824034
8623,82.14202041194677
8624,81.98312984904574
8625,81.98312984904574
8626,82.14251710025762
8627,82.01962811640243
8628,82.03572323509546
8629,82.05334510737356
8630,82.17502502500835
8631,81.95068443358971
8632,81.95216123012
8633,81.91680116206146
8634,82.03333828981503
8635,81.85421804847333
8636,82.02593898202687
8637,81.98028264494987
8638,81.77688974648558
8639,81.90996584159475
8640,81.92016787225427
8641,81.83862712436546
8642,81.84516400429544
8643,82.02419296729222
8644,82.05946045876654
8645,81.97772856320846
8646,82.17322475609349
8647,82.11591460085363
8648,82.06826686430843
8649,82.02667824073355
8650,82.05775534287068
8651,81.97001520176535
8652,82.03438359278017
8653,82.14113411621241
8654,82.02789974837432
8655,81.82302448330235
8656,82.2311781384535
8657,81.98437287313804
8658,82.09871855975634
8659,81.92016787225427
8660,82.10212389330074
8661,82.00520504898954
8662,81.98437287313804
8663,81.86538108131904
8664,82.10540412931029
8665,81.88140597994173
8666,82.1313416021963
8667,82.0155972219013
8668,81.91680116206146
8669,81.98656660482126
8670,82.04610703246351
8671,82.04459292649966
8672,82.03040555850724
8673,81.8668166580076
8674,81.86512200981572
8675,82.05338247702558
8676,82.06827152825326
8677,81.80831647961381
8678,81.98028264494987
8679,82.04610703246351
8680,82.09475671992719
8681,82.09972384217151
8682,82.06947737856385
8683,82.06886345972426
8684,82.00126666231581
8685,82.10421884545015
8686,82.1095445194322
8687,82.06202555647891
8688,82.06963997337994
8689,81.95933537393752
8690,82.06104143879737
8691,82.11591460085363
8692,82.02667824073355
8693,81.70244353613926
8694,81.99024668529695
8695,81.98028264494987
8696,82.02445660992622
8697,82.08056935298265
8698,81.98312984904574
8699,81.80831647961381
8700,82.02128524288952
8701,82.04188361006422
8702,82.00572566980068
8703,82.07925006500363
8704,82.01169630794205
8705,82.00572566980068
8706,82.03016297705626
8707,82.09560284862347
8708,82.01725412039212
8709,82.05990772561395
8710,82.1925616660534
8711,81.8346097579975
8712,81.85924985322545
8713,82.05272653232059
8714,82.01824693715271
8715,81.96954261178489
8716,81.99069665382788
8717,82.05990772561395
8718,82.10202080106895
8719,82.04565706393258
8720,81.92251233305501
8721,82.10257386183167
8722,82.12133987873358
8723,81.98437287313804
8724,82.07338086310651
8725,81.96954261178489
8726,82.01950054713461
8727,82.07606726404946
8728,82.0507475354499
8729,81.92016787225427
8730,81.87434739565556
8731,81.92016787225427
8732,82.036637658256
8733,81.96605671449785
8734,82.07398141144434
8735,81.90909179311318
8736,81.86512200981572
8737,82.00222286321815
8738,82.09872510096628
8739,82.03819596850005
8740,82.18471554248553
8741,81.98028264494987
8742,82.0086897865558
8743,82.10801250501297
8744,81.96260492169722
8745,81.90616928427929
8746,81.97954101277467
8747,82.12786408225729
8748,81.84750368136618
8749,81.97635461013292
8750,82.05730537433975
8751,81.98028264494987
8752,82.09162564929359
8753,81.98267988051481
8754,81.98900200563601
8755,82.03815056188066
8756,81.91800361424393
8757,82.10828756753801
8758,82.17322475609349
8759,82.18935846961321
8760,81.91971790372334
8761,82.00169713949096
8762,82.05285075267679
8763,81.9677456534733
8764,82.07553860374186
8765,81.89863137358584
8766,81.92488309794996
8767,82.07437287714798
8768,82.00730715685837
8769,81.96645070385719
8770,82.03485848299411
8771,82.09716372382344
8772,82.13288413451404
8773,82.1773863969185
8774,82.05013944798387
8775,82.0716730370617
8776,82.05821062948448
8777,82.12365373663536
8778,82.03469729661096
8779,82.04903765433171
8780,82.12044751016293
8781,81.90339706642565
8782,81.9808153800554
8783,82.01035394181507
8784,82.13685982313176
8785,81.92584519529201
8786,82.06826686430843
8787,81.95526811603544
8788,82.1190373346432
8789,82.03393362424924
8790,81.83413532211104
8791,81.95935507400664
8792,81.88874113912604
8793,81.85493485712524
8794,82.02966850316119
8795,82.03738474299222
8796,81.98312984904574
8797,82.11854703435496
8798,81.99007875386745
8799,81.91427056606037
8800,81.99433027481973
8801,81.93393799404019
8802,82.0361555609875
8803,81.95923200243286
8804,82.03438359278017
8805,81.99155817616943
8806,82.07252028478752
8807,82.05227656378966
8808,81.98028264494987
8809,82.0190366567591
8810,81.98028264494987
8811,81.90616928427929
8812,82.04911811107736
8813,82.07355789110287
8814,81.99672662101115
8815,82.04695341174082
8816,81.98267208340827
8817,81.8668166580076
8818,82.10757022324138
8819,82.1638719319261
8820,81.95935507400664
8821,82.01539523381113
8822,82.06782155972233
8823,82.07087081499722
8824,81.98900200563601
8825,81.86782549691425
8826,81.98855119138253
8827,81.80831647961381
8828,82.02252417245789
8829,81.9719927549263
8830,82.10963332899114
8831,81.91680116206146
8832,81.80963576759282
8833,81.92016787225427
8834,81.92584519529201
8835,81.9226837221771
8836,81.8660816723494
8837,81.85455546295913
8838,82.000719618885
8839,81.89863137358584
8840,81.92016787225427
8841,82.1149882034588
8842,82.01962811640243
8843,82.04490939041611
8844,81.98503356826124
8845,81.85778220222697
8846,82.0012078207538
8847,81.95068443358971
8848,82.00366148440202
8849,81.9096417967214
8850,82.18118644542282
8851,81.91680116206146
8852,82.00351671925208
8853,81.92016787225427
8854,81.91971790372334
8855,81.94082012763847
8856,82.07437287714798
8857,81.93393799404019
8858,82.14113411621241
8859,81.89863137358584
8860,81.9808153800554
8861,81.95935799538705
8862,82.0311472831649
8863,81.98109822551375
8864,81.8994253361756
8865,81.83413532211104
8866,82.04561659463151
8867,81.98028264494987
8868,82.12637497216643
8869,82.04826746236834
8870,81.8377408286311
8871,81.92222703664322
8872,81.98296871589353
8873,82.0833380144796
8874,82.09346303433585
8875,82.02083527435859
8876,82.06826686430843
8877,82.06103280484447
8878,82.17492047388406
8879,82.01824569610174
8880,82.1135040511809
8881,82.14471271386778
8882,81.80831647961381
8883,82.11971518591149
8884,81.9386629724672
8885,81.87820539956212
8886,82.02667824073355
8887,81.98028264494987
8888,82.04565706393258
8889,82.03738474299222
8890,81.94678383404153
8891,82.18994441291568
8892,81.95933537393752
8893,81.95980796391798
8894,81.88874113912604
8895,82.18399462786843
8896,82.08158493885271
8897,82.16922520372017
8898,81.99007875386745
8899,81.99007875386745
8900,82.1773863969185
8901,82.05280052395325
8902,81.842635635194
8903,82.06562000952613
8904,81.86524672807903
8905,82.03496345810022
8906,82.02921853463026
8907,82.06826686430843
8908,82.0149452652802
8909,82.07525651563756
8910,82.1214162059174
8911,81.94082012763847
8912,81.94087513968013
8913,82.04871468828094
8914,82.05940014829918
8915,82.01532158923175
8916,82.14113411621241
8917,82.04610703246351
8918,82.02667824073355
8919,81.98695327293332
8920,82.00863630658526
8921,81.86524672807903
8922,82.2343003907963
8923,81.93789011140562
8924,82.06826686430843
8925,81.92016787225427
8926,82.03042189879858
8927,82.01619740223167
8928,81.86176291860605
8929,81.96243238194413
8930,81.91843047932775
8931,81.95980796391798
8932,82.02667824073355
8933,82.00964680898349
8934,82.05258274835964
8935,82.09033316732604
8936,81.82302448330235
8937,82.09600411216113
8938,81.91843047932775
8939,81.95544999332893
8940,82.02667824073355
8941,81.99460211018615
8942,81.61202890351557
8943,82.07491335841854
8944,81.99069665382788
8945,82.07574125883181
8946,81.98028264494987
8947,82.09570977442606
8948,81.80831647961381
8949,81.98341371558347
8950,82.03738474299222
8951,82.0640917222224
8952,82.00572566980068
8953,81.93716144297709
8954,81.98001976572851
8955,81.99433027481973
8956,81.97024721174908
8957,81.94402310783038
8958,81.86524672807903
8959,81.9900252738969
8960,81.94082012763847
8961,82.11622917240267
8962,81.8668166580076
8963,82.01035394181507
8964,81.80831647961381
8965,81.89875162194792
8966,82.06782155972233
8967,82.04772119442681
8968,82.14044685768057
8969,82.00862644483739
8970,81.95935799538705
8971,82.0311472831649
8972,81.90325098465986
8973,82.11571040794271
8974,82.06827152825326
8975,82.02667824073355
8976,81.94364828458738
8977,81.92016787225427
8978,81.73453068188661
8979,81.79824037261187
8980,82.12098145282349
8981,82.01962811640243
8982,82.01754545378046
8983,82.00528597576202
8984,82.2343003907963
8985,81.86942039582951
8986,82.12098145282349
8987,82.03222257807693
8988,82.10421884545015
8989,82.05451981158188
8990,82.072699330263
8991,81.98437287313804
8992,82.09033316732604
8993,81.83252115170595
8994,82.03438359278017
8995,81.98295200270462
8996,82.00199750503894
8997,81.95744707888886
8998,81.8995502377291
8999,81.99716013520441
9000,82.01505798509454
9001,82.05227656378966
9002,82.03768548389814
9003,81.88140597994173
9004,81.94440930268138
9005,81.80831647961381
9006,82.01487162070082
9007,82.16604636747387
9008,82.00208539538241
9009,82.0257605333732
9010,81.85035366177418
9011,82.04757706016524
